"Path","SHA256"
".gitattributes","64e38067362cdf8dfd569e326946237dc35a8e17a3d4d2346c60e37b09e92376"
"ENVIRONMENT.md","d1e3bb2e5989da504b5b0daa67454a5c6e5c2d53a5d7b655949e51c92b580365"
"evidence/evidence.csv","9019e4ecae4cdc8c92460ae8fd8ac1e2ea01ca683b89db4b90c5278749e30ba7"
"OntoDemer.owl","8d876b424350bab287870041b1d8fa5721c6c859677d0e9d0ca9cf290dab8d31"
"queries/CQ1.rq","9768883b742dba43780a887c7035883e22de8d0ed5227acdeac2620f94594ed5"
"queries/CQ2.rq","1e564b6c01fd006fa2011f513b40f830e67e4999686d49cabc0f16c32f1b26e9"
"queries/CQ3.rq","90ec4947984b27c4d603f2bcc685c153f487f88808d301fbd1899d5a45a39071"
"queries/CQ4.rq","5eb57079288f51c3c39f503aa894386fd699f6d01ad2b0661cba02543ff3753a"
"queries/CQ5.rq","b5106b0c4c1778abb2a467dbc61fd711929c7506a861feb1b1a4a2b48fd90361"
"queries/CQ6.rq","b389a359a48250ecc717e4bf46e05400b731d7d7e061d58240afa47762969d5d"
"README.md","fa326638d75fcefd9ba232ea638aa26d3a26a91ae7108f6793357727b1705588"
"results/all-checks.json","8b687b7827424d516a5094978af72c133e4db55e6cb54a8cf6e33123e1a20640"
"results/CQ1.csv","03c2a7a2ddf8ddb3c34c30116625a6eace5af1133df9b28148913299124d07f6"
"results/CQ2.csv","53bd382d5e7422eee5e081c5c5843bd47f0a2ae515602c76d4b2a507935a8f9a"
"results/CQ3.csv","343b97fbc317a3922bd7fb423876ec6e9e5a32076c077df5ed1a05122237783a"
"results/CQ4.csv","a8c4a9d1cc985a15d35d96024d704c32f049af3c398f25d1ed278287b5fb07dc"
"results/CQ5.csv","6a150b4c8904435dd65ead04c023446d6a9e6bfc9d5d8573b7713d9b733e3f08"
"results/CQ6.csv","8abe535162ccba0469bb34844dcd1d8500124aab744d56db2b89ce340107bcb7"
"results/execution.log","5736b7bee4c102473c6a698129da0ccd080a95d4416702718de18a81c60ddf1b"
"results/OntoDemer-materialized.owl","5470a00b88587b207dc17b6aee6e9786bd92fc16bbfff1e3238786d464c2bf2a"
"results/plugin-workaround.json","1fbc951a521cb72feaf56556e3acc5a8ee4924df70f5afdbea7d49512f5d0066"
"results/summary.json","ab7107dfb1bbf5d227984174b7085f83f865e3348fd272af00eb36848b817dee"
"results/verification.csv","cd1c11479d0c100956d99876e237eb1556fadbbb9c1ae316d17d6fc71fca6f46"
"SPARQL.md","509fd90174b80d03c9b77b0c6271fb2235ffe1745d12cac61fde5af68690b556"
"tests/fixtures.owl","adc9a0db0322a37a2d6dd867eefd61ce7fc8e9ecc629f9de2f4ccea8af8d94cf"
"tests/no-rules.owl","ecac778184e5d5ed9a43e7db62a561a1a223864663532474e881a1a27eea74de"
