id,subject,predicate,object,evidence_status,source_key,source_url,source_location,provenance,notes
E01,Diabetes,relatedIllness,Paraplegia,unresolved,,,,retrospective audit; original attribution unavailable,Original relation-level source or expert record unavailable; author confirmation required.
E02,Excessive_Diet,Results,Diabetes,contextual,Nash2018,https://pmc.ncbi.nlm.nih.gov/articles/PMC6241225/,Lifestyle intervention: Nutrition and Physical Activity,retrospective audit; original attribution unavailable,Energy imbalance/metabolic context; no quantitative susceptibility or deterministic illness claim.
E03,Excessive_Diet,Results,Obesity,contextual,Nash2018,https://pmc.ncbi.nlm.nih.gov/articles/PMC6241225/,Lifestyle intervention: Nutrition and Physical Activity,retrospective audit; original attribution unavailable,Energy imbalance/metabolic context; no quantitative susceptibility or deterministic illness claim.
E04,Excessive_Diet,Results,Thrombosis,unresolved,Shang2023,https://doi.org/10.3389/fcvm.2023.1153432,Risk factors of DVT after SCI; does not establish diet-to-thrombosis,retrospective audit; original attribution unavailable,Cited source concerns SCI/DVT risk; direct excessive-diet-to-thrombosis support was not established.
E05,Excessive_Diet,susceptibilities,High_Diabetes_Development_Susceptibility,modeling,,,,retrospective audit; original attribution unavailable,Symbolic category/link retained or aligned from existing model; not an epidemiological risk estimate.
E06,Excessive_Diet,susceptibilities,High_Thrombosis_Development_Susceptibility,modeling,,,,retrospective audit; original attribution unavailable,Symbolic category/link retained or aligned from existing model; not an epidemiological risk estimate.
E07,Obesity,recommendations,Hypocaloric_Diet,contextual,Nash2018,https://pmc.ncbi.nlm.nih.gov/articles/PMC6241225/,Lifestyle intervention: Nutrition and Physical Activity,retrospective audit; original attribution unavailable,"General management context only; individual suitability, dose, and contraindications are not represented."
E08,Pressure_Ulcers,recommendations,Pressure_relief,contextual,Pressure2019,https://internationalguideline.com/s/CPG2019edition-digital-Nov2023version.pdf,Nutrition; Repositioning and Mobilization; seating,retrospective audit; original attribution unavailable,"General management context only; individual suitability, dose, and contraindications are not represented."
E09,Pressure_Ulcers,relatedIllness,Paraplegia,unresolved,,,,retrospective audit; original attribution unavailable,Original relation-level source or expert record unavailable; author confirmation required.
E10,Pressure_Ulcers,relatedIllness,Tetraplegia,unresolved,,,,retrospective audit; original attribution unavailable,Original relation-level source or expert record unavailable; author confirmation required.
E11,Scoliosis,relatedIllness,Paraplegia,unresolved,,,,retrospective audit; original attribution unavailable,Original relation-level source or expert record unavailable; author confirmation required.
E12,Shoulder_Bursitis,relatedIllness,Paraplegia,unresolved,,,,retrospective audit; original attribution unavailable,Original relation-level source or expert record unavailable; author confirmation required.
E13,Thrombosis,relatedIllness,Paraplegia,contextual,Shang2023,https://doi.org/10.3389/fcvm.2023.1153432,Risk factors of DVT after SCI; does not establish diet-to-thrombosis,retrospective audit; original attribution unavailable,SCI-associated DVT context; disability-specific applicability needs confirmation.
E14,Thrombosis,relatedIllness,Tetraplegia,contextual,Shang2023,https://doi.org/10.3389/fcvm.2023.1153432,Risk factors of DVT after SCI; does not establish diet-to-thrombosis,retrospective audit; original attribution unavailable,SCI-associated DVT context; disability-specific applicability needs confirmation.
E15,Urinary_and_Bowel_Issues,relatedIllness,Paraplegia,unresolved,,,,retrospective audit; original attribution unavailable,Original relation-level source or expert record unavailable; author confirmation required.
E16,Urinary_and_Bowel_Issues,relatedIllness,Tetraplegia,unresolved,,,,retrospective audit; original attribution unavailable,Original relation-level source or expert record unavailable; author confirmation required.
E17,inadequate_load_on_the_arms,Results,Shoulder_Bursitis,contextual,PVA2005,https://pmc.ncbi.nlm.nih.gov/articles/PMC1808273/,Recommendations on repetitive upper-limb tasks and force,retrospective audit; original attribution unavailable,Supports upper-limb overuse concerns; exact bursitis specificity and high category remain unvalidated.
E18,inadequate_load_on_the_arms,susceptibilities,High_Bursitys_Development_Susceptibility,modeling,,,,retrospective audit; original attribution unavailable,Symbolic category/link retained or aligned from existing model; not an epidemiological risk estimate.
E19,inadequate_posture,Results,Pressure_Ulcers,contextual,Pressure2019,https://internationalguideline.com/s/CPG2019edition-digital-Nov2023version.pdf,Nutrition; Repositioning and Mobilization; seating,retrospective audit; original attribution unavailable,Nutrition or pressure/shear context; categorical behavior requires operational definition.
E20,inadequate_posture,Results,Scoliosis,unresolved,,,,retrospective audit; original attribution unavailable,Original relation-level source or expert record unavailable; author confirmation required.
E21,inadequate_posture,susceptibilities,High_Pressure_Ulcers_Development,modeling,,,,retrospective audit; original attribution unavailable,Symbolic category/link retained or aligned from existing model; not an epidemiological risk estimate.
E22,inadequate_posture,susceptibilities,High_Scoliosis_Development_Susceptibility,modeling,,,,retrospective audit; original attribution unavailable,Symbolic category/link retained or aligned from existing model; not an epidemiological risk estimate.
E23,inadequate_urinary_catheter_hygiene,Results,Urinary_and_Bowel_Issues,unresolved,,,,retrospective audit; original attribution unavailable,Original relation-level source or expert record unavailable; author confirmation required.
E24,inadequate_urinary_catheter_hygiene,susceptibilities,High_Urinary_Infection_Development_Suscepbility,modeling,,,,retrospective audit; original attribution unavailable,Symbolic category/link retained or aligned from existing model; not an epidemiological risk estimate.
E25,insufficient_diet,Results,Pressure_Ulcers,contextual,Pressure2019,https://internationalguideline.com/s/CPG2019edition-digital-Nov2023version.pdf,Nutrition; Repositioning and Mobilization; seating,retrospective audit; original attribution unavailable,Nutrition or pressure/shear context; categorical behavior requires operational definition.
E26,insufficient_diet,susceptibilities,High_Pressure_Ulcers_Development,modeling,,,,retrospective audit; original attribution unavailable,Symbolic category/link retained or aligned from existing model; not an epidemiological risk estimate.
E27,Obesity,recommendations,sports,contextual,Nash2018,https://pmc.ncbi.nlm.nih.gov/articles/PMC6241225/,Lifestyle intervention: Nutrition and Physical Activity,retrospective audit; original attribution unavailable,"General management context only; individual suitability, dose, and contraindications are not represented."
E28,High_Bursitys_Development_Susceptibility,susceptibilityTo,Shoulder_Bursitis,modeling,,,,retrospective audit; original attribution unavailable,Symbolic category/link retained or aligned from existing model; not an epidemiological risk estimate.
E29,High_Diabetes_Development_Susceptibility,susceptibilityTo,Diabetes,modeling,,,,retrospective audit; original attribution unavailable,Symbolic category/link retained or aligned from existing model; not an epidemiological risk estimate.
E30,High_Pressure_Ulcers_Development,susceptibilityTo,Pressure_Ulcers,modeling,,,,retrospective audit; original attribution unavailable,Symbolic category/link retained or aligned from existing model; not an epidemiological risk estimate.
E31,High_Scoliosis_Development_Susceptibility,susceptibilityTo,Scoliosis,modeling,,,,retrospective audit; original attribution unavailable,Symbolic category/link retained or aligned from existing model; not an epidemiological risk estimate.
E32,High_Thrombosis_Development_Susceptibility,susceptibilityTo,Thrombosis,modeling,,,,retrospective audit; original attribution unavailable,Symbolic category/link retained or aligned from existing model; not an epidemiological risk estimate.
E33,High_Urinary_Infection_Development_Suscepbility,susceptibilityTo,Urinary_and_Bowel_Issues,modeling,,,,retrospective audit; original attribution unavailable,Symbolic category/link retained or aligned from existing model; not an epidemiological risk estimate.
