test,query,profile,expected,actual,status
CQ1_PWD_1_Paul,CQ1,PWD_1_Paul,"[[""PWD_1_Paul"", ""inadequate_load_on_the_arms"", ""Shoulder_Bursitis""]]","[[""PWD_1_Paul"", ""inadequate_load_on_the_arms"", ""Shoulder_Bursitis""]]",PASS
CQ1_PWD_2,CQ1,PWD_2,[],[],PASS
CQ1_PWD_3_John,CQ1,PWD_3_John,"[[""PWD_3_John"", ""Excessive_Diet"", ""Diabetes""], [""PWD_3_John"", ""Excessive_Diet"", ""Obesity""], [""PWD_3_John"", ""Excessive_Diet"", ""Thrombosis""]]","[[""PWD_3_John"", ""Excessive_Diet"", ""Diabetes""], [""PWD_3_John"", ""Excessive_Diet"", ""Obesity""], [""PWD_3_John"", ""Excessive_Diet"", ""Thrombosis""]]",PASS
CQ1_PWD_4,CQ1,PWD_4,"[[""PWD_4"", ""inadequate_posture"", ""Pressure_Ulcers""], [""PWD_4"", ""inadequate_posture"", ""Scoliosis""]]","[[""PWD_4"", ""inadequate_posture"", ""Pressure_Ulcers""], [""PWD_4"", ""inadequate_posture"", ""Scoliosis""]]",PASS
CQ1_PWD_5,CQ1,PWD_5,"[[""PWD_5"", ""insufficient_diet"", ""Pressure_Ulcers""]]","[[""PWD_5"", ""insufficient_diet"", ""Pressure_Ulcers""]]",PASS
CQ2_PWD_1_Paul,CQ2,PWD_1_Paul,"[[""PWD_1_Paul"", ""inadequate_load_on_the_arms"", ""Shoulder_Bursitis"", ""High_Bursitys_Development_Susceptibility""]]","[[""PWD_1_Paul"", ""inadequate_load_on_the_arms"", ""Shoulder_Bursitis"", ""High_Bursitys_Development_Susceptibility""]]",PASS
CQ2_PWD_2,CQ2,PWD_2,[],[],PASS
CQ2_PWD_3_John,CQ2,PWD_3_John,"[[""PWD_3_John"", ""Excessive_Diet"", ""Diabetes"", ""High_Diabetes_Development_Susceptibility""], [""PWD_3_John"", ""Excessive_Diet"", ""Obesity"", """"], [""PWD_3_John"", ""Excessive_Diet"", ""Thrombosis"", ""High_Thrombosis_Development_Susceptibility""]]","[[""PWD_3_John"", ""Excessive_Diet"", ""Diabetes"", ""High_Diabetes_Development_Susceptibility""], [""PWD_3_John"", ""Excessive_Diet"", ""Obesity"", """"], [""PWD_3_John"", ""Excessive_Diet"", ""Thrombosis"", ""High_Thrombosis_Development_Susceptibility""]]",PASS
CQ2_PWD_4,CQ2,PWD_4,"[[""PWD_4"", ""inadequate_posture"", ""Pressure_Ulcers"", ""High_Pressure_Ulcers_Development""], [""PWD_4"", ""inadequate_posture"", ""Scoliosis"", ""High_Scoliosis_Development_Susceptibility""]]","[[""PWD_4"", ""inadequate_posture"", ""Pressure_Ulcers"", ""High_Pressure_Ulcers_Development""], [""PWD_4"", ""inadequate_posture"", ""Scoliosis"", ""High_Scoliosis_Development_Susceptibility""]]",PASS
CQ2_PWD_5,CQ2,PWD_5,"[[""PWD_5"", ""insufficient_diet"", ""Pressure_Ulcers"", ""High_Pressure_Ulcers_Development""]]","[[""PWD_5"", ""insufficient_diet"", ""Pressure_Ulcers"", ""High_Pressure_Ulcers_Development""]]",PASS
CQ3_PWD_1_Paul,CQ3,PWD_1_Paul,"[[""PWD_1_Paul"", ""inadequate_load_on_the_arms"", ""Shoulder_Bursitis"", ""High_Bursitys_Development_Susceptibility""]]","[[""PWD_1_Paul"", ""inadequate_load_on_the_arms"", ""Shoulder_Bursitis"", ""High_Bursitys_Development_Susceptibility""]]",PASS
CQ3_PWD_2,CQ3,PWD_2,[],[],PASS
CQ3_PWD_3_John,CQ3,PWD_3_John,"[[""PWD_3_John"", ""Excessive_Diet"", ""Diabetes"", ""High_Diabetes_Development_Susceptibility""], [""PWD_3_John"", ""Excessive_Diet"", ""Thrombosis"", ""High_Thrombosis_Development_Susceptibility""]]","[[""PWD_3_John"", ""Excessive_Diet"", ""Diabetes"", ""High_Diabetes_Development_Susceptibility""], [""PWD_3_John"", ""Excessive_Diet"", ""Thrombosis"", ""High_Thrombosis_Development_Susceptibility""]]",PASS
CQ3_PWD_4,CQ3,PWD_4,"[[""PWD_4"", ""inadequate_posture"", ""Pressure_Ulcers"", ""High_Pressure_Ulcers_Development""], [""PWD_4"", ""inadequate_posture"", ""Scoliosis"", ""High_Scoliosis_Development_Susceptibility""]]","[[""PWD_4"", ""inadequate_posture"", ""Pressure_Ulcers"", ""High_Pressure_Ulcers_Development""], [""PWD_4"", ""inadequate_posture"", ""Scoliosis"", ""High_Scoliosis_Development_Susceptibility""]]",PASS
CQ3_PWD_5,CQ3,PWD_5,"[[""PWD_5"", ""insufficient_diet"", ""Pressure_Ulcers"", ""High_Pressure_Ulcers_Development""]]","[[""PWD_5"", ""insufficient_diet"", ""Pressure_Ulcers"", ""High_Pressure_Ulcers_Development""]]",PASS
CQ4_PWD_1_Paul,CQ4,PWD_1_Paul,"[[""PWD_1_Paul"", ""Pressure_Ulcers"", ""Pressure_relief""]]","[[""PWD_1_Paul"", ""Pressure_Ulcers"", ""Pressure_relief""]]",PASS
CQ4_PWD_2,CQ4,PWD_2,[],[],PASS
CQ4_PWD_3_John,CQ4,PWD_3_John,"[[""PWD_3_John"", ""Obesity"", ""Hypocaloric_Diet""], [""PWD_3_John"", ""Obesity"", ""sports""]]","[[""PWD_3_John"", ""Obesity"", ""Hypocaloric_Diet""], [""PWD_3_John"", ""Obesity"", ""sports""]]",PASS
CQ4_PWD_4,CQ4,PWD_4,[],[],PASS
CQ4_PWD_5,CQ4,PWD_5,[],[],PASS
CQ5_PWD_1_Paul,CQ5,PWD_1_Paul,"[[""PWD_1_Paul"", ""Paraplegia"", ""Diabetes""], [""PWD_1_Paul"", ""Paraplegia"", ""Pressure_Ulcers""], [""PWD_1_Paul"", ""Paraplegia"", ""Scoliosis""], [""PWD_1_Paul"", ""Paraplegia"", ""Shoulder_Bursitis""], [""PWD_1_Paul"", ""Paraplegia"", ""Thrombosis""], [""PWD_1_Paul"", ""Paraplegia"", ""Urinary_and_Bowel_Issues""]]","[[""PWD_1_Paul"", ""Paraplegia"", ""Diabetes""], [""PWD_1_Paul"", ""Paraplegia"", ""Pressure_Ulcers""], [""PWD_1_Paul"", ""Paraplegia"", ""Scoliosis""], [""PWD_1_Paul"", ""Paraplegia"", ""Shoulder_Bursitis""], [""PWD_1_Paul"", ""Paraplegia"", ""Thrombosis""], [""PWD_1_Paul"", ""Paraplegia"", ""Urinary_and_Bowel_Issues""]]",PASS
CQ5_PWD_2,CQ5,PWD_2,"[[""PWD_2"", ""Tetraplegia"", ""Pressure_Ulcers""], [""PWD_2"", ""Tetraplegia"", ""Thrombosis""], [""PWD_2"", ""Tetraplegia"", ""Urinary_and_Bowel_Issues""]]","[[""PWD_2"", ""Tetraplegia"", ""Pressure_Ulcers""], [""PWD_2"", ""Tetraplegia"", ""Thrombosis""], [""PWD_2"", ""Tetraplegia"", ""Urinary_and_Bowel_Issues""]]",PASS
CQ5_PWD_3_John,CQ5,PWD_3_John,[],[],PASS
CQ5_PWD_4,CQ5,PWD_4,"[[""PWD_4"", ""Paraplegia"", ""Diabetes""], [""PWD_4"", ""Paraplegia"", ""Pressure_Ulcers""], [""PWD_4"", ""Paraplegia"", ""Scoliosis""], [""PWD_4"", ""Paraplegia"", ""Shoulder_Bursitis""], [""PWD_4"", ""Paraplegia"", ""Thrombosis""], [""PWD_4"", ""Paraplegia"", ""Urinary_and_Bowel_Issues""]]","[[""PWD_4"", ""Paraplegia"", ""Diabetes""], [""PWD_4"", ""Paraplegia"", ""Pressure_Ulcers""], [""PWD_4"", ""Paraplegia"", ""Scoliosis""], [""PWD_4"", ""Paraplegia"", ""Shoulder_Bursitis""], [""PWD_4"", ""Paraplegia"", ""Thrombosis""], [""PWD_4"", ""Paraplegia"", ""Urinary_and_Bowel_Issues""]]",PASS
CQ5_PWD_5,CQ5,PWD_5,"[[""PWD_5"", ""Paraplegia"", ""Diabetes""], [""PWD_5"", ""Paraplegia"", ""Pressure_Ulcers""], [""PWD_5"", ""Paraplegia"", ""Scoliosis""], [""PWD_5"", ""Paraplegia"", ""Shoulder_Bursitis""], [""PWD_5"", ""Paraplegia"", ""Thrombosis""], [""PWD_5"", ""Paraplegia"", ""Urinary_and_Bowel_Issues""]]","[[""PWD_5"", ""Paraplegia"", ""Diabetes""], [""PWD_5"", ""Paraplegia"", ""Pressure_Ulcers""], [""PWD_5"", ""Paraplegia"", ""Scoliosis""], [""PWD_5"", ""Paraplegia"", ""Shoulder_Bursitis""], [""PWD_5"", ""Paraplegia"", ""Thrombosis""], [""PWD_5"", ""Paraplegia"", ""Urinary_and_Bowel_Issues""]]",PASS
CQ6_PWD_1_Paul,CQ6,PWD_1_Paul,"[[""PWD_1_Paul"", ""Paraplegia"", ""Pressure_Ulcers"", ""Pressure_relief""]]","[[""PWD_1_Paul"", ""Paraplegia"", ""Pressure_Ulcers"", ""Pressure_relief""]]",PASS
CQ6_PWD_2,CQ6,PWD_2,"[[""PWD_2"", ""Tetraplegia"", ""Pressure_Ulcers"", ""Pressure_relief""]]","[[""PWD_2"", ""Tetraplegia"", ""Pressure_Ulcers"", ""Pressure_relief""]]",PASS
CQ6_PWD_3_John,CQ6,PWD_3_John,[],[],PASS
CQ6_PWD_4,CQ6,PWD_4,"[[""PWD_4"", ""Paraplegia"", ""Pressure_Ulcers"", ""Pressure_relief""]]","[[""PWD_4"", ""Paraplegia"", ""Pressure_Ulcers"", ""Pressure_relief""]]",PASS
CQ6_PWD_5,CQ6,PWD_5,"[[""PWD_5"", ""Paraplegia"", ""Pressure_Ulcers"", ""Pressure_relief""]]","[[""PWD_5"", ""Paraplegia"", ""Pressure_Ulcers"", ""Pressure_relief""]]",PASS
